Title,Date,Image URL,Likes
Taylor Swift's Spectacular Tour Sparks Unprecedented Hotel Booking Surge in Buenos Aires,2023-11-23 00:00:00,https://rategaincom.wpenginepowered.com/wp-content/uploads/2023/11/swiftie-effect-buenos-aires-scaled.jpg,5
A Complete Guide to Hotel Revenue Management,2023-11-22 00:00:00,https://rategaincom.wpenginepowered.com/wp-content/uploads/2023/11/A-Complete-Guide-to-Hotel-Revenue-Management.png,2
The Ultimate Guide to Choosing the Right Hotel Booking Engine,2023-11-22 00:00:00,https://rategaincom.wpenginepowered.com/wp-content/uploads/2023/11/The-Ultimate-Guide-to-Choosing-the-Right-Hotel-Booking-Engine.png,3
"Maximize Your Hotel’s Exposure with Google AdSense’s New ""Related Search"" Feature in Auto Ads",2023-10-20 00:00:00,https://rategaincom.wpenginepowered.com/wp-content/uploads/2023/10/Google-AdSenses-New-Related-Search-Feature-in-Auto-Ads.png,32
Beyond Reach & Frequency: Hotels' New Era with Facebook's 'Reservation' Buying Type,2023-10-12 00:00:00,https://rategaincom.wpenginepowered.com/wp-content/uploads/2023/10/Transforming-with-Facebooks-Reservation-BUYING-Strategy.png,17
Managing Overbookings and Cancellations with Hotel Booking Engines,2023-10-05 00:00:00,https://rategaincom.wpenginepowered.com/wp-content/uploads/2023/10/Overbookings-Cancellations-Not-a-Problem-with-Modern-Hotel-Booking-Engines.png,12
Global Distribution System (GDS) vs. Channel Manager: Which is Right for Your Hotel,2023-10-01 00:00:00,https://rategaincom.wpenginepowered.com/wp-content/uploads/2023/10/Hotel-Distribution-Done-Right-Choosing-between-GDS-and-Channel-Manager.png,11
Jingle All the Way: Europe Christmas Travel Trends,2023-09-28 00:00:00,https://rategaincom.wpenginepowered.com/wp-content/uploads/2023/10/Europe-Christmas-Travel-Trends.jpg,8
Why Bing Hotel Ads Should Be in Your Marketing Mix,2023-09-28 00:00:00,https://rategaincom.wpenginepowered.com/wp-content/uploads/2023/09/Bing-Hotel-Ads-Your-Hotels-Secret-Revenue-Booster.png,9
Unraveling the Alchemy: Year-End Travel Trends in Singapore,2023-09-26 00:00:00,https://rategaincom.wpenginepowered.com/wp-content/uploads/2023/10/Singapores-Secret-Recipe-for-Year-End-Travel-Success.png,8
Year-End U.S. Domestic Travel Insights: A Revenue Manager's Guide to Success,2023-09-25 00:00:00,https://rategaincom.wpenginepowered.com/wp-content/uploads/2023/10/Is-U.S.A.-expecting-a-Domestic-Travel-Boom-this-year-end.png,7
Unlocking Top Travel Destinations in Egypt: A Hotelier's Playbook,2023-09-25 00:00:00,https://rategaincom.wpenginepowered.com/wp-content/uploads/2023/09/Unlocking-Top-Travel-Destinations-in-Egypt-A-Hoteliers-Playbook.jpg,7
Shaping Success in Egypt's Dynamic Hospitality Landscape: A Roadmap for Hoteliers,2023-09-22 00:00:00,https://rategaincom.wpenginepowered.com/wp-content/uploads/2023/09/Shaping-Success-in-Egypts-Dynamic-Hospitality-Landscape.jpg,7
Checking In to a Greener Future: Renewable Energy in Hotels,2023-09-15 00:00:00,https://rategaincom.wpenginepowered.com/wp-content/uploads/2023/09/Powering-Hospitality-How-Renewable-Energy-Is-Reshaping-Hotels.png,6
Sustaining Communities: The Role of Travel Sellers in Sustainable Tourism,2023-09-14 00:00:00,https://rategaincom.wpenginepowered.com/wp-content/uploads/2023/09/How-Travel-Sellers-Support-Local-Economies.png,6
Flowing Towards Sustainability: Water Conservation in Hotels,2023-09-11 00:00:00,https://rategaincom.wpenginepowered.com/wp-content/uploads/2023/09/Drip-by-Drip-How-Hotels-Are-Leading-the-Way-in-Water-Conservation.png,6
Eco-Friendly Practices in Vacation Rentals: A Win-Win for Guests and the Environment,2023-09-10 00:00:00,https://rategaincom.wpenginepowered.com/wp-content/uploads/2023/09/Eco-friendly-practices-in-Vacation-Rentals.png,7
Zero-Waste Travel: A Sustainable Path to Explore the World,2023-09-09 00:00:00,https://rategaincom.wpenginepowered.com/wp-content/uploads/2023/09/Trash-to-Treasures-Zero-Waste-Travelers-Handbook.png,6
Building a Greener Future: Sustainable Supply Chain Management in Hotels,2023-09-08 00:00:00,https://rategaincom.wpenginepowered.com/wp-content/uploads/2023/09/Hotel-Sustainable-Supply-Chain-Strategies.png,5
Airline Sustainability Initiatives: How Airlines are Going Green,2023-09-07 00:00:00,https://rategaincom.wpenginepowered.com/wp-content/uploads/2023/09/Airlines-Sustainable-Innovations.png,4
Exploring Eco-Tourism: Where Nature Meets Responsible Travel,2023-09-06 00:00:00,https://rategaincom.wpenginepowered.com/wp-content/uploads/2023/09/Embrace-Eco-Tourism-Your-Passport-to-Sustainable-Wanderlust.png,6
Measuring and Reporting Sustainability Impact: Metrics for Hotels and Travel Sellers,2023-09-06 00:00:00,https://rategaincom.wpenginepowered.com/wp-content/uploads/2023/09/Measuring-and-Reporting-Sustainability-Impact.png,4
Reducing Carbon Footprint: Sustainable Practices for Tour Operators,2023-09-05 00:00:00,https://rategaincom.wpenginepowered.com/wp-content/uploads/2023/09/Sustainable-Practices-for-Tour-Operators.png,6
Preserving Paradise: Biodiversity Conservation in Travel,2023-09-04 00:00:00,https://rategaincom.wpenginepowered.com/wp-content/uploads/2023/09/Wings-and-Wonders-Biodiversity-Conservation-in-Tourism.png,5
"How Green is your Hotel? Do Good and Show it to the World – on Google, for Example",2023-09-03 00:00:00,https://rategaincom.wpenginepowered.com/wp-content/uploads/2023/09/Green-Hotel-Badge-for-Sustainable-Accommodations.png,7
The Digital Evolution of UK Hospitality: A Historic Journey From Keys to Clicks,2023-09-01 00:00:00,https://rategaincom.wpenginepowered.com/wp-content/uploads/2023/09/Evolution-of-UK-Hospitality.png,7
Driving Green: The Future of Sustainable Car Rentals,2023-09-01 00:00:00,https://rategaincom.wpenginepowered.com/wp-content/uploads/2023/10/Driving-Green-The-Future-of-Sustainable-Car-Rentals.png,6
Taste the Future: Sustainable Food Practices in Hotels and Restaurants,2023-09-01 00:00:00,https://rategaincom.wpenginepowered.com/wp-content/uploads/2023/09/Taste-the-Future-Sustainable-Food-Practices-in-Hospitality.png,6
The Heart of Travel: DMOs and Their Impact on Local Economies,2023-09-01 00:00:00,https://rategaincom.wpenginepowered.com/wp-content/uploads/2023/10/The-DMO-Effect-Enhancing-Tourisms-Role-in-Local-Economies.png,8
Exploring India's Travel Resurgence: From G20 Summit to Cricket Hype Amidst a High-Demand Festive Season,2023-08-31 00:00:00,https://rategaincom.wpenginepowered.com/wp-content/uploads/2023/08/The-World-is-Coming-to-India-this-Winter-Season.png,9
Social Media Meets Google Business Profile: Here's Why You Should Care,2023-08-21 00:00:00,https://rategaincom.wpenginepowered.com/wp-content/uploads/2023/08/Your-Hotels-Social-Media-Just-Got-Google-fied-Google-Business-Profile.webp,5
Connect the Dots: Decoding Common Hotel System Connectivity Challenges,2023-08-18 00:00:00,https://rategaincom.wpenginepowered.com/wp-content/uploads/2023/08/The-Hidden-Costs-of-Poor-Hotel-System-Connectivity.png,5
GA4's New User Data Export to BigQuery: Your Key to Hyper-Personalized Hotel Marketing,2023-08-17 00:00:00,https://rategaincom.wpenginepowered.com/wp-content/uploads/2023/08/Google-Analytics-4-Rolls-Out-New-User-Data-Export-To-BigQuery.webp,5
How AI and Machine Learning are Shaping Hotel Search Engines,2023-08-16 00:00:00,https://rategaincom.wpenginepowered.com/wp-content/uploads/2023/08/Role-of-AI-Ml-in-Hotel-Search-Engines.webp,5
Unpacking Global DE&I Pillars: A Strategy for Inclusivity,2023-08-16 00:00:00,https://rategaincom.wpenginepowered.com/wp-content/uploads/2023/08/DE-I-RG.webp,5
"The Evolution of Hotel Search Engines: Past, Present, and Future",2023-08-15 00:00:00,https://rategaincom.wpenginepowered.com/wp-content/uploads/2023/08/evolution-of-hotel-search-engines.webp,5
From Green Revolution to Space Exploration: 75 Innovations Propelling India Beyond 75,2023-08-14 00:00:00,https://rategaincom.wpenginepowered.com/wp-content/uploads/2023/08/India-beyond-75.webp,6
Going Green: How Hotel Search Engines are Championing the Cause of Sustainable Travel,2023-08-10 00:00:00,https://rategaincom.wpenginepowered.com/wp-content/uploads/2023/08/How-Hotel-Search-Engines-are-Supporting-Sustainable-Travel.webp,3
Get Noticed: The Smart Hotelier's Guide to Google's Filtered Search Carousel,2023-08-09 00:00:00,https://rategaincom.wpenginepowered.com/wp-content/uploads/2023/08/Google_s-New-Hotel-Search-Carousel.webp,3
Understanding the Mechanics of Hotel Search Engines,2023-08-09 00:00:00,https://rategaincom.wpenginepowered.com/wp-content/uploads/2023/08/Understanding-the-Mechanics-of-Hotel-Search-Engines.webp,4
Hospitality in the Digital Age: Software Breakthroughs and What's Next,2023-08-08 00:00:00,https://rategaincom.wpenginepowered.com/wp-content/uploads/2023/08/Hospitality-in-the-Digital-Age-Softwares-for-Hotel-Success.webp,5
Gaining a Competitive Edge at Every Stage of the Traveler Journey,2023-08-04 00:00:00,https://rategaincom.wpenginepowered.com/wp-content/uploads/2023/08/The-Heart-of-Hospitality-A-Guide-to-Outshine-Competitors-at-Every-Traveler-Touchpoint.webp,5
Elevate Your Hotel's Performance with Revenue Management Analytics,2023-08-04 00:00:00,https://rategaincom.wpenginepowered.com/wp-content/uploads/2023/08/Fine-Tuning-Your-Hotels-Strategy-The-Art-of-Revenue-Management-Analytics.webp,5
How Hotels Can Stay Ahead in the Dynamic Hospitality Industry,2023-08-04 00:00:00,https://rategaincom.wpenginepowered.com/wp-content/uploads/2023/08/How-Hotels-Can-Stay-Ahead-in-Dynamic-Hospitality-Industry.webp,6
What is Hospitality Management? Why is it Important?,2023-08-01 00:00:00,https://rategaincom.wpenginepowered.com/wp-content/uploads/2023/08/Hospitality-Management-Unraveled-Journey-of-Experiences.png,5
Has 'The Swiftie Fever' Opened New Travel Avenues In the U.S.,2023-08-01 00:00:00,https://rategaincom.wpenginepowered.com/wp-content/uploads/2023/08/Has-_The-Swiftie-Fever_-Opened-New-Travel-Avenues-In-the-U.S.webp,5
How to Make Technology Partnerships Successful for Hotels,2023-07-21 00:00:00,https://rategaincom.wpenginepowered.com/wp-content/uploads/2023/07/Strategies-to-Succeed-with-Technological-Partnerships-in-Hospitality.webp,7
AI and Machine Learning – Who Will Lead the Change and What Will it Look Like?,2023-07-20 00:00:00,https://rategaincom.wpenginepowered.com/wp-content/uploads/2023/07/AI-Machine-Learning-Who-Will-Lead-the-Change.webp,7
Large Hotel Chains Can Move Fast Too: 10 Ideas To Implement Today,2023-07-18 00:00:00,https://rategaincom.wpenginepowered.com/wp-content/uploads/2023/07/Strategies-for-Big-Hotel-Chains-to-Stay-Ahead.webp,5
The Basics of Distribution for Hotel Chains,2023-07-18 00:00:00,https://rategaincom.wpenginepowered.com/wp-content/uploads/2023/07/Mastering-the-Distribution-Game-for-Big-Hotel-Chains.png,5
Supercharging Hotel Bookings: The Game-Changing Benefits of Metasearch Marketing,2023-07-18 00:00:00,https://rategaincom.wpenginepowered.com/wp-content/uploads/2023/07/The-Game-Changing-Benefits-of-Metasearch-Marketing.webp,5
The Tech-Stack Needed by OTAs to Scale Your BI Capabilities,2023-07-17 00:00:00,https://rategaincom.wpenginepowered.com/wp-content/uploads/2023/07/Techology-Stack-Needed-by-OTAs.webp,5
The Future of Rate Parity in the Hospitality Industry,2023-07-17 00:00:00,https://rategaincom.wpenginepowered.com/wp-content/uploads/2023/07/The-Future-of-rate-parity-in-hospitality.webp,6
How Hotel Pricing is Going to Change in the Age of AI,2023-07-12 00:00:00,https://rategaincom.wpenginepowered.com/wp-content/uploads/2023/07/HOW-PRICING-WILL-CHANGE-IN-the-AGE-OF-AI.webp,5
Leveraging Instagram Threads for the Travel and Hospitality Industry,2023-07-10 00:00:00,https://rategaincom.wpenginepowered.com/wp-content/uploads/2023/07/Leveraging-Instagram-Threads-for-the-Travel-and-Hospitality-Industry.webp,5
Calling All Hoteliers: Unleash the Power of GA4 for Optimal Performance,2023-07-07 00:00:00,https://rategaincom.wpenginepowered.com/wp-content/uploads/2023/07/GA4.webp,7
Green Gold: Sustainable Hotels Shaping Profitable and Responsible Hospitality,2023-07-03 00:00:00,https://rategaincom.wpenginepowered.com/wp-content/uploads/2023/07/Sustainable-Hotels.webp,6
Managing Hotel Cancellations: Strategies to Optimize Revenue and Guest Satisfaction,2023-06-28 00:00:00,https://rategaincom.wpenginepowered.com/wp-content/uploads/2023/07/Managing-Cancellations-to-Optimize-Revenue-_-Guest-Satisfaction.webp,4
Big Data: The Game Changer in Hospitality Industry,2023-06-27 00:00:00,https://rategaincom.wpenginepowered.com/wp-content/uploads/2023/06/Hotel-Big-Data-Analytics.webp,5
Unveiling the Hotel Challenges: Navigating Obstacles in the Dynamic Hospitality Landscape,2023-06-26 00:00:00,https://rategaincom.wpenginepowered.com/wp-content/uploads/2023/06/Unveiling-the-Hotel-Challenges-Navigating-Obstacles-in-Dynamic-Hospitality-Landscape.webp,5
Distribution Challenges for Hotels in Latin America,2023-06-23 00:00:00,https://rategaincom.wpenginepowered.com/wp-content/uploads/2023/06/Distribution-Challenges-for-Hotels-in-Latin-America.webp,5
Navigating Hotel Distribution Challenges with Technology and Strategy,2023-06-22 00:00:00,https://rategaincom.wpenginepowered.com/wp-content/uploads/2023/06/Cracking-Distribution-Code-Navigating-Challenges-with-Technology-and-Strategy.webp,7
What Does Digital Foundation in Hospitality Look Like,2023-06-20 00:00:00,https://rategaincom.wpenginepowered.com/wp-content/uploads/2023/06/Digital-foundation-in-hotel-industry.webp,6
Effective Hotel Pricing Strategies To Maximize Revenue During Low Demand Periods,2023-06-13 00:00:00,https://rategaincom.wpenginepowered.com/wp-content/uploads/2023/06/Effective-Hotel-Pricing-Strategies-During-Low-Demand-Periods.webp,6
The Power of Allyship: Building Bridges of Support and Inclusion,2023-06-12 00:00:00,https://rategaincom.wpenginepowered.com/wp-content/uploads/2023/06/allyship.webp,6
Mastering Success: Hotel Revenue Management Strategies for Optimal Growth,2023-06-11 00:00:00,https://rategaincom.wpenginepowered.com/wp-content/uploads/2023/06/Unlocking-Success-Strategies-for-Hotel-Revenue-Management-Hotel.webp,5
Solving the Challenge of Overbooking in Hotels: Strategies for Seamless Guest Experience,2023-06-10 00:00:00,https://rategaincom.wpenginepowered.com/wp-content/uploads/2023/06/Solving-the-Challenge-of-Overbooking-in-Hotels.webp,6
Navigating the Highs and Lows: Managing Hotel Demand During Special Events,2023-06-09 00:00:00,https://rategaincom.wpenginepowered.com/wp-content/uploads/2023/06/Revenue-Management-Managing-Hotel-Demand-During-Special-Events.webp,6
The Impact of Weather on Hotel Demand: Leveraging Insights for Success,2023-06-09 00:00:00,https://rategaincom.wpenginepowered.com/wp-content/uploads/2023/06/Revenue-Management-The-Impact-of-Weather-on-Hotel-Demand.webp,6
Inside Google Marketing Live 2023: AI-Powered Innovations & What They Mean for the Hotel Industry,2023-06-08 00:00:00,https://rategaincom.wpenginepowered.com/wp-content/uploads/2023/06/AI-Powered-Innovations-for-the-Hotel-Industry.jpg,6
Hotel Loyalty Programs: Building Customer Loyalty and Maximizing Rewards,2023-06-08 00:00:00,https://rategaincom.wpenginepowered.com/wp-content/uploads/2023/06/Unlock-the-Secrets-of-Hotel-Loyalty-Programs.webp,6
The Impact of Seasonality on Hotel Revenue: Understanding the Highs and Lows,2023-06-08 00:00:00,https://rategaincom.wpenginepowered.com/wp-content/uploads/2023/06/Revenue-Management-Impact-of-Seasonality-on-Revenue.webp,7
Walking the Tight Rope: High Hotel ADR and Low Distribution Cost,2023-06-07 00:00:00,https://rategaincom.wpenginepowered.com/wp-content/uploads/2016/12/Industry-Statistics-ADR.webp,7
The Role of Central Reservation Systems in Efficient Hotel Inventory Distribution,2023-06-07 00:00:00,https://rategaincom.wpenginepowered.com/wp-content/uploads/2023/06/Inventory-Management-The-Role-of-CRS-in-Efficient-Hotel-Inventory-Distribution.webp,7
The History of Pride Month: Celebrating Love and Equality,2023-06-05 00:00:00,https://rategaincom.wpenginepowered.com/wp-content/uploads/2023/06/pride-month-history.webp,5
A Comprehensive Guide to Cloud Computing for Hotels: Transforming the Hospitality Industry,2023-06-05 00:00:00,https://rategaincom.wpenginepowered.com/wp-content/uploads/2023/06/Hotel-Technology-4-A-Comprehensive-Guide-to-Cloud-Computing-for-Hotels.webp,5
Unlock the Power of a Hotel Central Reservation System,2023-06-01 00:00:00,https://rategaincom.wpenginepowered.com/wp-content/uploads/2023/06/Distribution-Understanding-Hotel-Central-Reservation-System-Streamlining-Operations-a.webp,6
Data and Analytics Can Help You Distribute Your Hotel Inventory Effectively & Run Hotel Profitably,2023-05-26 00:00:00,https://rategaincom.wpenginepowered.com/wp-content/uploads/2017/09/Hotel-Technology-3-Leveraging-Data-and-Analytics-to-Distribute-Your-Hotel-Inventory-Effectively.webp,5
Data-Driven Excellence: Maximizing Performance with Hotel Data Analytics,2023-05-26 00:00:00,https://rategaincom.wpenginepowered.com/wp-content/uploads/2023/05/Hotel-Technology-2-Data-Driven-Excellence-Maximizing-Performance-with-Hotel-Data-Analytics.webp,7
Driving Higher Hotel Occupancy Rates: Implementing Effective Strategies,2023-05-25 00:00:00,https://rategaincom.wpenginepowered.com/wp-content/uploads/2023/05/Driving-Higher-Hotel-Occupancy-Rates.webp,7
The Complete Guide to Hotel Digital Marketing: Boost Your Online Presence and Drive Bookings,2023-05-24 00:00:00,https://rategaincom.wpenginepowered.com/wp-content/uploads/2023/01/Hotel-Digital-Marketing-Boost-Your-Online-Presence-_-Drive-Bookings.webp,7
What is a Global Distribution System (GDS)? How does it Benefit Your Hotel?,2023-05-23 00:00:00,https://rategaincom.wpenginepowered.com/wp-content/uploads/2022/12/Distribution-What-is-a-Global-Distribution-System-GDS-How-does-it-Benefit-Your-Hotel.webp,8
Unleashing the Power of Hotel Technology: The Game Changer in Tech-Savvy Hospitality,2023-05-23 00:00:00,https://rategaincom.wpenginepowered.com/wp-content/uploads/2023/05/Hotel-Technology-1-The-Power-of-Hotel-Technology.webp,5
Unlocking Profitability: An Introduction to Hotel Revenue Management,2023-05-23 00:00:00,https://rategaincom.wpenginepowered.com/wp-content/uploads/2023/05/Revenue-Management-Unlocking-Profitability-with-Hotel-Revenue-Management.webp,4
Why Should All Destinations Have a Destination Marketing Organization (DMO)?,2023-05-22 00:00:00,https://rategaincom.wpenginepowered.com/wp-content/uploads/2023/05/Destination-Marketing-2-Why-Should-all-Destinations-have-a-DMO.webp,2
"Destination Marketing Organization: Its Roles, Importance, and Benefits in the Hospitality Industry",2023-05-22 00:00:00,https://rategaincom.wpenginepowered.com/wp-content/uploads/2023/05/Destination-Marketing-1-What-are-DMOs.webp,2
"Difference Between a Hotel PMS, Channel Manager, OTAs, and Booking Engine",2023-05-22 00:00:00,https://rategaincom.wpenginepowered.com/wp-content/uploads/2023/04/Distribution-Difference-between-Hotel-PMS-Channel-Manager-OTAs-and-Booking-Engine.webp,5
The Complete Guide to Distribution Channels in the Hotel Industry,2023-05-21 00:00:00,https://rategaincom.wpenginepowered.com/wp-content/uploads/2023/03/Hotel-Distribution-Channels-A-Complete-Guide.webp,3
Unlocking New Revenue Streams: A Guide to Effective Channel Management for Hospitality Businesses,2023-05-21 00:00:00,https://rategaincom.wpenginepowered.com/wp-content/uploads/2023/03/Effective-Channel-Management-for-Hospitality-Businesses.webp,3
Unveiling the Magic of Metasearch Engines: A Game Changer for Online Businesses,2023-05-21 00:00:00,https://rategaincom.wpenginepowered.com/wp-content/uploads/2023/05/Metasearch-Engines-A-Game-Changer-for-Online-Businesses.webp,2
Where does Content Fit in the Evolution of Hotel Distribution?,2023-05-20 00:00:00,https://rategaincom.wpenginepowered.com/wp-content/uploads/2023/05/Adapting-Hotel-Distribution-Mastering-Content-Management-for-Success.webp,3
Boost Your Hotel's Online Presence with a Hotel Content Management System,2023-05-19 00:00:00,https://rategaincom.wpenginepowered.com/wp-content/uploads/2023/05/Boost-your-Online-Presence-with-a-Hotel-Content-Management-System.webp,2
Streamline Your Hotel Pricing Strategy with Advanced Rate Shopping Software,2023-05-18 00:00:00,https://rategaincom.wpenginepowered.com/wp-content/uploads/2023/05/Streamlining-Hotel-Pricing-Strategy-with-Advanced-Rate-Shopping-Software.webp,2
Dynamic Pricing Strategy in Hotels for Hospitality Industry,2023-05-18 00:00:00,https://rategaincom.wpenginepowered.com/wp-content/uploads/2016/10/Dynamic-Pricing-Strategy-for-the-Hospitality-Industry.webp,10
Hotel Pricing Strategy: Maximizing Revenue Through Effective Pricing Techniques,2023-05-18 00:00:00,https://rategaincom.wpenginepowered.com/wp-content/uploads/2023/05/Pricing-Strategy-1-Hotel-Pricing-Strategy-for-Revenue-Maximization.webp,5
How To Use Google Hotel Ads: A Complete Guide,2023-05-18 00:00:00,https://rategaincom.wpenginepowered.com/wp-content/uploads/2023/05/Google-Hotel-Ads-_1-How-to-use-Google-Hotel-Ads-A-Complete-Guide.webp,5
Boost Your Hotel Revenue with Efficient Hotel Inventory Management,2023-05-16 00:00:00,https://rategaincom.wpenginepowered.com/wp-content/uploads/2023/05/Inventory-Management-4-Boost-your-Hotel-Revenue-with-Efficient-Hotel-Inventory-Management.webp,6
Cracking the Code: How to Benefit from Hotel Wholesalers,2023-05-16 00:00:00,https://rategaincom.wpenginepowered.com/wp-content/uploads/2023/05/Inventory-Management-3-How-can-you-Benefit-from-Hotel-Wholesalers.webp,5
8 Easy Tips for Hotel Revenue Managers to Cope With Rate Parity Issues,2023-05-15 00:00:00,https://rategaincom.wpenginepowered.com/wp-content/uploads/2023/05/Rate-Parity-_2-Important-Tips-to-cope-up-with-Rate-Parity-Issues.webp,6
What is Hotel Rate Parity? Why is it Important in the Hotel Industry?,2023-05-15 00:00:00,https://rategaincom.wpenginepowered.com/wp-content/uploads/2023/05/Rate-Parity-_1-What-is-Hotel-Rate-Parity-Why-is-it-Important.webp,5
18 Factors to Consider before Investing in Channel Manager for Your Hotel,2023-05-14 00:00:00,https://rategaincom.wpenginepowered.com/wp-content/uploads/2016/03/Channel-Management-2-Critical-Factors-to-Consider-before-you-Invest-in-a-Hotel-Channel-Manager.webp,4
Crucial Hotel Sales Strategies to Boost Occupancy and Revenue,2023-05-14 00:00:00,https://rategaincom.wpenginepowered.com/wp-content/uploads/2023/05/Hotel-Sales-Strategy-Crucial-Hotel-Sales-Strategies-to-Boost-Occupancy-and-Revenue.webp,4
What is a Hotel Channel Manager? How Do You Choose the Perfect One?,2023-05-14 00:00:00,https://rategaincom.wpenginepowered.com/wp-content/uploads/2023/05/Channel-Management-1-What-is-a-channel-manager.webp,5
How Can Content Solve The Expectation Gap for Hotels?,2023-05-13 00:00:00,https://rategaincom.wpenginepowered.com/wp-content/uploads/2023/05/Content-Management-5-How-Can-Content-Solve-The-Expectation-Gap-for-Hotels.webp,5
Changing Markets Post-Pandemic: Guest Behaviors Changing Booking Inspiration,2023-05-11 00:00:00,https://rategaincom.wpenginepowered.com/wp-content/uploads/2023/05/Changing-Markets-Post-Pandemic-Guest-Behaviors-Changing-Booking-Inspiration.png,4
What is Hotel Occupancy Rate? How to Calculate it?,2023-05-06 00:00:00,https://rategaincom.wpenginepowered.com/wp-content/uploads/2023/05/Occupancy-Rate-and-calculation.webp,7
Is RevPAR the Best Metric to Measure Profitability?,2023-05-05 00:00:00,https://rategaincom.wpenginepowered.com/wp-content/uploads/2023/05/Is-RevPAR-the-Best-Metric-to-Measure-Profitability-scaled.webp,4
Why Should Hotels Update Content On OTAs Frequently?,2023-05-05 00:00:00,https://rategaincom.wpenginepowered.com/wp-content/uploads/2023/05/Content-Management-4-Why-Should-Hotels-Update-Content-on-OTAs-Frequently.webp,5
Why Metasearch is critical for your Direct Bookings Strategy,2023-05-04 00:00:00,https://rategaincom.wpenginepowered.com/wp-content/uploads/2023/05/Why-Metasearch-is-critical-for-your-hotels-Direct-Bookings-Strategy-scaled.webp,4
Why Content on OTAs is Critical for Improving Conversion Rates,2023-05-03 00:00:00,https://rategaincom.wpenginepowered.com/wp-content/uploads/2023/05/Content-Management-3-Why-Content-on-OTAs-is-Critical-for-Improving-Conversion-Rates-scaled.webp,4
How do Hotels Distribute Inventory to Drive Bookings,2023-05-03 00:00:00,https://rategaincom.wpenginepowered.com/wp-content/uploads/2023/05/How-do-Hotels-Distribute-Inventory-to-Drive-Bookings-scaled.webp,4
What is RevPAR ? Why does it Matter?,2023-05-01 00:00:00,https://rategaincom.wpenginepowered.com/wp-content/uploads/2023/05/What-is-RevPAR-scaled.webp,4
A Complete Guide to Hotel Marketing Strategy for 2023,2023-04-30 00:00:00,https://rategaincom.wpenginepowered.com/wp-content/uploads/2023/01/A-Complete-Guide-to-Hotel-Marketing-Strategy-_1_.webp,3
Latin America’s Hospitality Industry is Ready to Take the AI Leap into the Future,2023-04-27 00:00:00,https://rategaincom.wpenginepowered.com/wp-content/uploads/2023/04/Latin-Americas-Hospitality-Industry-is-Ready-to-Take-the-AI-Leap-into-the-Future-1.jpg,4
Sustainability: The Conversation We Need To Have With ChatGPT Today,2023-04-27 00:00:00,https://rategaincom.wpenginepowered.com/wp-content/uploads/2023/06/Kamesh-Shukla-on-Sustainable-Travel.webp,4
Here's Why You Should Care About Hotel Content Management & Distribution,2023-04-22 00:00:00,https://rategaincom.wpenginepowered.com/wp-content/uploads/2023/04/Content-Management-2-Why-Should-You-Care-About-Hotel-Content-Management-Distribution-scaled.webp,7
Why Ease of Use is the Core of any Booking Engine?,2023-04-15 00:00:00,https://rategaincom.wpenginepowered.com/wp-content/uploads/2023/04/Why-Ease-of-Use-is-the-Core-of-any-Booking-Engine.webp,7
Why is Security Critical for a Booking Engine?,2023-04-14 00:00:00,https://rategaincom.wpenginepowered.com/wp-content/uploads/2023/05/Why-is-Security-Critical-for-a-Hotel-Booking-Engine-scaled.webp,7
Thank You Booking.com For Showing Us The Future,2023-04-13 00:00:00,https://rategaincom.wpenginepowered.com/wp-content/uploads/2023/04/boooking-com-blog-1.jpg,4
How to Evaluate a Booking Engine?,2023-04-13 00:00:00,https://rategaincom.wpenginepowered.com/wp-content/uploads/2023/05/How-do-you-Evaluate-a-Hotel-Booking-Engine-scaled.webp,7
All You Need to Know About a Hotel Booking Engine,2023-04-12 00:00:00,https://rategaincom.wpenginepowered.com/wp-content/uploads/2023/05/All-You-Need-to-Know-About-a-Hotel-Booking-Engine-scaled.webp,3
Revolutionizing Guest Experiences and Revenue Management with AI,2023-04-06 00:00:00,https://rategaincom.wpenginepowered.com/wp-content/uploads/2023/04/MicrosoftTeams-image-8.jpg,9
What is Direct Booking?,2023-04-05 00:00:00,https://rategaincom.wpenginepowered.com/wp-content/uploads/2023/04/what-is-a-direct-booking.jpg,9
The Relevance of Content for Hotels,2023-04-01 00:00:00,https://rategaincom.wpenginepowered.com/wp-content/uploads/2023/04/Content-Management-1-What-is-the-Relevance-of-Content-for-Hotels-scaled.webp,4
Leading the Way: Top 8 Hospitality Technology Trends to Watch in 2023,2023-03-21 00:00:00,https://rategaincom.wpenginepowered.com/wp-content/uploads/2023/03/MicrosoftTeams-image-2-1.jpg,6
A Complete Guide to Hotel Connectivity & Distribution,2023-03-21 00:00:00,https://rategaincom.wpenginepowered.com/wp-content/uploads/2023/03/A-Complete-Guide-to-Hotel-Connectivity-_-Distribution.webp,3
Revolutionizing the Hospitality Industry: The Role of Advanced Channel Managers in Driving Hotel Business Growth,2023-03-16 00:00:00,https://rategaincom.wpenginepowered.com/wp-content/uploads/2023/03/MicrosoftTeams-image-3-1.jpg,4
What are Hotel Industry Statistics?,2023-03-06 00:00:00,https://rategaincom.wpenginepowered.com/wp-content/uploads/2023/05/What-are-the-Key-Hotel-Industry-Statistics-scaled.webp,4
The Data Goldmine: The 3 Step Process to Unlocking the Power of Guest Data,2023-02-15 00:00:00,https://rategaincom.wpenginepowered.com/wp-content/uploads/2023/02/MicrosoftTeams-image-1.jpg,4
How To Use Guest Messaging To Improve Revenue,2023-01-31 00:00:00,https://rategaincom.wpenginepowered.com/wp-content/uploads/2023/01/How-To-Use-Guest-Messaging-To-Improve-Revenue.jpg,4
Spin Around the Challenges of an Economic Downturn with AI-Enabled Solutions,2023-01-30 00:00:00,https://rategaincom.wpenginepowered.com/wp-content/uploads/2023/01/MicrosoftTeams-image.jpg,3
What is a Hotel Property Management System (PMS)?,2023-01-23 00:00:00,https://rategaincom.wpenginepowered.com/wp-content/uploads/2019/04/hotel-revenue-management-system-900x450.jpg,4
Unlocking A New Level Of Luxury For Dubai: The Rising Need For Technology,2023-01-20 00:00:00,https://rategaincom.wpenginepowered.com/wp-content/uploads/2023/01/creating-a-picture-perfect-guest-experience-in-dubai.jpg,3
Troubleshooting Guest Engagement: Is the Answer in the Palm of your Hands?,2023-01-06 00:00:00,https://rategaincom.wpenginepowered.com/wp-content/uploads/2023/01/MicrosoftTeams-image-6.jpg,5
No Shortage of Guest Engagement Despite Labour Shortage in the UK: Why Technology is the Answer,2022-12-23 00:00:00,https://rategaincom.wpenginepowered.com/wp-content/uploads/2022/12/uk-banner-1.jpg,4
Journey to better guest satisfaction: Why digitisation is the shortcut you need,2022-12-16 00:00:00,https://rategaincom.wpenginepowered.com/wp-content/uploads/2022/12/engage-banner-1.jpg,3
7 Tips for A Booking-friendly Hotel Website,2022-12-12 00:00:00,https://rategaincom.wpenginepowered.com/wp-content/uploads/2022/12/7-tips-for-a-booking-friendly-hotel-website-blog-banner.jpg,3
The Problem In Paradise: What The Hotels Of Maldives Need To Know,2022-12-06 00:00:00,https://rategaincom.wpenginepowered.com/wp-content/uploads/2022/12/Top-banner-2.jpg,3
The Good Side Of AI: Read Between The Lines To Understand Your Guests’ Feelings,2022-11-11 00:00:00,https://rategaincom.wpenginepowered.com/wp-content/uploads/2022/11/sentiment-mapping-1-1.jpg,2
Preparing for the Future of Air Travel Demand,2022-11-04 00:00:00,https://rategaincom.wpenginepowered.com/wp-content/uploads/2022/10/Preparing-for-the-Future-of-Air-Travel-Demand.jpg,1
Digital Hospitality: No Longer An Oxymoron,2022-11-03 00:00:00,https://rategaincom.wpenginepowered.com/wp-content/uploads/2022/11/Digital-Hosp_Banner-1-scaled.jpg,1
Peak Experience For The Peak Season,2022-10-27 00:00:00,https://rategaincom.wpenginepowered.com/wp-content/uploads/2022/10/Peak-Experience-For-Peak-Season.webp,2
Forward-looking Insights on Travel Demand: Top Trending Cities in Asia (Oct – Dec 2022),2022-10-24 00:00:00,https://rategaincom.wpenginepowered.com/wp-content/uploads/2022/10/Forward-looking-Insights-on-Travel-Demand-Top-Trending-Cities-in-Asia.webp,2
Guest Dissatisfaction: De-mystified,2022-10-19 00:00:00,https://rategaincom.wpenginepowered.com/wp-content/uploads/2022/10/Guest-Dissatisfaction.webp,2
Beyond Just Emojis: Leveraging WhatsApp To Improve Guest Experience,2022-10-11 00:00:00,https://rategaincom.wpenginepowered.com/wp-content/uploads/2022/10/beyond-just-blog-img.webp,2
Experiences Above All:  The Long and Short of Guest Experiences,2022-10-06 00:00:00,https://rategaincom.wpenginepowered.com/wp-content/uploads/2022/10/guests-experience.webp,1
Humans Of RateGain: Q&A With Mark Haywood,2022-10-04 00:00:00,https://rategaincom.wpenginepowered.com/wp-content/uploads/2022/10/Rategain-Partnership.webp,1
India’s Festive Season Travel Outlook,2022-10-03 00:00:00,https://rategaincom.wpenginepowered.com/wp-content/uploads/2022/10/ezgif.com-gif-maker-6.webp,2
Productivity For The Front Desk: What Has Changed,2022-09-27 00:00:00,https://rategaincom.wpenginepowered.com/wp-content/uploads/2022/09/Productivity-For-The-Front-Desk-What-Has-Changed.webp,3
How Can Scoring Content Help Hotels Drive More Bookings,2022-09-20 00:00:00,https://rategaincom.wpenginepowered.com/wp-content/uploads/2022/09/Drive-more-bookings.webp,3
New Data Sources To Help Commercial Teams Make Better Decisions,2022-09-20 00:00:00,https://rategaincom.wpenginepowered.com/wp-content/uploads/2022/09/New-Data-Sources-that-can-help-commercial-teams-make-better-decisions-1.webp,3
Hotel Online Bookings Can Be More Profitable,2022-09-20 00:00:00,https://rategaincom.wpenginepowered.com/wp-content/uploads/2022/09/Hotel-Online-Bookings-Can-Be-More-Profitable.webp,3
Bridging Silos in Commercial Teams Post Pandemic,2022-08-25 00:00:00,https://rategaincom.wpenginepowered.com/wp-content/uploads/2022/08/Post-pandemic.webp,7
Data Transparency: The New Way to Collaborate in Commercial Teams,2022-08-25 00:00:00,https://rategaincom.wpenginepowered.com/wp-content/uploads/2022/08/Data-Transparency.webp,7
Are Middle East Hoteliers Ready for the Next Big Shift?,2022-07-18 00:00:00,https://rategaincom.wpenginepowered.com/wp-content/uploads/2022/07/Are-Middle-East-Hoteliers-Ready-for-the-Next-Big-Shift.jpg,5
Artificial Intelligence in the Hospitality Industry : The Future,2022-07-13 00:00:00,https://rategaincom.wpenginepowered.com/wp-content/uploads/2022/06/Blog-En-2-1.jpg,6
What is Engage-AI? What are the benefits of using Engage-AI?,2022-07-07 00:00:00,https://rategaincom.wpenginepowered.com/wp-content/uploads/2022/06/Blog-En-1.jpg,7
Enjoy Greater Conversions by Offering Mobile Rates to your Prospective Customers,2022-06-30 00:00:00,https://rategaincom.wpenginepowered.com/wp-content/uploads/2022/06/Enjoy-greater-conversions-by-offering-Mobile-Rates-to-your-prospective-customers.jpg,7
Improving Business by Offering Country Rates to Prospective Customers,2022-06-21 00:00:00,https://rategaincom.wpenginepowered.com/wp-content/uploads/2022/06/Improving-Business-by-Offering-Country-Rates-to-Prospective-Customers.jpg,6
The Role of Metasearch in Pandemic Recovery,2022-05-31 00:00:00,https://rategaincom.wpenginepowered.com/wp-content/uploads/2022/05/The-Role-of-Metasearch-in-Pandemic-Recovery.jpg,6
Why Forward-looking Demand Intelligence is all the More Important for a Destination and it's DMO Today?,2022-03-31 00:00:00,https://rategaincom.wpenginepowered.com/wp-content/uploads/2022/03/Actionable-Accurate-Demand-Intelligence-for-DMOs-and-DMCs-1.jpg,5
How to Become a Genius and Drive-up Hotel Visibility and Occupancy Rates!,2022-03-10 00:00:00,https://rategaincom.wpenginepowered.com/wp-content/uploads/2022/03/RateGain-RezGain-Become-a-Genius-and-drive-sales-banner.jpg,5
Airline Traveler Forecast: Can it help in anticipating demand better?,2022-03-09 00:00:00,https://rategaincom.wpenginepowered.com/wp-content/uploads/2022/03/Leveling-up-Demand-Forecasting-through-Airline-Traveller-Forecast-3.jpg,6
How can User Experience Help Revenue Managers? Ask AirGain,2022-01-13 00:00:00,https://rategaincom.wpenginepowered.com/wp-content/uploads/2022/01/AirGain-new-blog.jpg,3
The Travel Manifesto for 2022,2021-12-24 00:00:00,https://rategaincom.wpenginepowered.com/wp-content/uploads/2021/12/RateGain-Blog-Booking-Travel-Manifesto-for-2022.jpg,9
Marketing Technology in a Data-Driven Era,2021-10-22 00:00:00,https://rategaincom.wpenginepowered.com/wp-content/uploads/2021/10/Data-Driven-1.jpg,8
Usability and Accessibility – How they are making AirGain smarter for you!,2021-10-05 00:00:00,https://rategaincom.wpenginepowered.com/wp-content/uploads/2021/10/Usability-and-Accessibility-How-they-are-making-AirGain-smarter-for-you.jpg,10
Building a Culture of Empowerment,2021-10-04 00:00:00,https://rategaincom.wpenginepowered.com/wp-content/uploads/2021/10/Building-a-Culture-of-Empowerment.jpg,8
Is The Future Of Forecasting Clear For Revenue Managers?,2021-09-29 00:00:00,https://rategaincom.wpenginepowered.com/wp-content/uploads/2021/09/Is-The.jpg,10
Upcoming Launch: The New Room – Rate Management API will Help Distribution Teams Directly and Quickly Create/Retrieve a Multitude of Room Rate Types from RezGain,2021-09-28 00:00:00,https://rategaincom.wpenginepowered.com/wp-content/uploads/2021/09/Directly-Manage-Rooms-and-Rates-from-RateGains-Channel-Manager-UI-to-Booking-com-2.jpg,5
How Revenue Managers Can Be Future Ready For The Next Crisis,2021-09-23 00:00:00,https://rategaincom.wpenginepowered.com/wp-content/uploads/2021/09/How-revenue-managers-can-be-future-ready-for-the-next-crisis.jpg,9
How Can New Airlines Thrive the Post- Covid World,2021-09-03 00:00:00,https://rategaincom.wpenginepowered.com/wp-content/uploads/2021/09/How-Can-New-Airlines-Thrive-In-A-Post-Covid-World-.jpg,4
Making Your Hotel Channel Manager Adapt to Your Day,2021-09-01 00:00:00,https://rategaincom.wpenginepowered.com/wp-content/uploads/2021/09/How-to-Use-a-Channel-Manager-for-your-Hotel-Operations-if-You-have-Only-15-or-30-Minutes-in-the-Day.jpg,4
CarGain Canvas: Analytics that give you 360 degree control over your market,2021-09-01 00:00:00,https://rategaincom.wpenginepowered.com/wp-content/uploads/2021/09/CarGain-Canvas.jpg,3
What Signals is the Summer of 2021 Giving Car Rentals?,2021-07-08 00:00:00,https://rategaincom.wpenginepowered.com/wp-content/uploads/2021/07/What-signals-is-the-summer-of-2021-giving-car-rentals.jpg,4
WHAT ARE YOUR PRONOUNS?,2021-06-25 00:00:00,https://rategaincom.wpenginepowered.com/wp-content/uploads/2021/06/Inter-blog-1.jpg,9
Bringing More Speed and Agility to Airline Pricing for the Post-COVID Revenue Manager,2021-06-15 00:00:00,https://rategaincom.wpenginepowered.com/wp-content/uploads/2021/06/Unearthing-the-power-and-simplicity-of-bulk-update-and-report-generation-on-AirGain-2.jpeg,5
The Current State of Airline Pricing post-Covid,2021-05-03 00:00:00,https://rategaincom.wpenginepowered.com/wp-content/uploads/2021/05/How-to-Capture-Rate-Integrity-Issues-in-the-Most-Simplified-Way-copy-1024x536-1.jpg,5
How can hoteliers get 2021 right with a solid pricing strategy as volatility in recovery persists,2021-05-03 00:00:00,https://rategaincom.wpenginepowered.com/wp-content/uploads/2021/04/How-to-Capture-Rate-Integrity-Issues-in-the-Most-Simplified-Way-copy-1024x536-1.jpg,5
Why We Must Tell a Visual Data Story,2021-04-30 00:00:00,https://rategaincom.wpenginepowered.com/wp-content/uploads/2021/04/Why-we-data-story.jpg,5
Airlines Revenue Management Checklist for 2021,2021-04-29 00:00:00,https://rategaincom.wpenginepowered.com/wp-content/uploads/2021/04/The-Revenue-Management-Checklist-for-2021-3.jpg,5
"Cap on Wedding Guests Might Pinch, But It's a Necessary Evil",2020-12-25 00:00:00,https://rategaincom.wpenginepowered.com/wp-content/uploads/2020/12/Cap-on-wedding-guests-might-pinch-but-its-a-necessary-evil-3.jpg,3
"We have been Profitable Since Inception: Yogeesh Chandra- Global Head of Corporate Development, RateGain",2020-12-22 00:00:00,https://rategaincom.wpenginepowered.com/wp-content/uploads/2020/12/We-have-been-profitable-since-inception-3.jpg,3
Some Employees are Getting a New Job…At Their Old Job,2020-12-21 00:00:00,https://rategaincom.wpenginepowered.com/wp-content/uploads/2020/12/Some-employees-are-getting-a-new-job-1.jpg,5
Visioning The Post-COVID Era In Revenue Management,2020-12-21 00:00:00,https://rategaincom.wpenginepowered.com/wp-content/uploads/2020/12/Hospitality-Banner-no-cta.jpg,5
50% Rise in Bookings Not Enough for India to Catch Up With Global Recovery,2020-12-21 00:00:00,https://rategaincom.wpenginepowered.com/wp-content/uploads/2020/12/New-Deal-Europe-Weekly-Update-on-Tourism-to-the-Balkan-Region-Week-24-1.jpg,5
Tech Skills That can Rebuild the Travel Industry,2020-12-20 00:00:00,https://rategaincom.wpenginepowered.com/wp-content/uploads/2020/12/Tech-skills-that-can-rebuild-the-travel-industry-1.jpg,5
After China can 'Revenge Travel' Happen in India?,2020-12-18 00:00:00,https://rategaincom.wpenginepowered.com/wp-content/uploads/2020/12/After-China-can-Revenge-Travel-happen-in-India-1.jpg,4
Travel & Hospitality Sector Will Take 12-15 Months To Cross Pre-covid Level Hiring Figures: Industry Leaders,2020-12-16 00:00:00,https://rategaincom.wpenginepowered.com/wp-content/uploads/2020/12/Travel-hospitality-sector-will-take-12-15-months-to-cross-pre-Covid-level-hiring-figures-Industry-leaders-1.jpg,4
What Hotels Need to Know About the Staycation Boom,2020-12-16 00:00:00,https://rategaincom.wpenginepowered.com/wp-content/uploads/2020/12/What-Hotels-Need-to-Know-About-the-Staycation-Boom-1.jpg,4
Here’s How Hoteliers Can Attract New Travelers in the Post-COVID Era,2020-12-16 00:00:00,https://rategaincom.wpenginepowered.com/wp-content/uploads/2020/12/Linkedin-no-cta.jpg,5
How Airline Revenue Management and Pricing Teams Respond to Revenue Volatility?,2020-12-15 00:00:00,https://rategaincom.wpenginepowered.com/wp-content/uploads/2020/12/How-airline-revenue-management-and-pricing-teams-respond-to-revenue-volatility-1.jpg,5
Revenue Volatility in Airlines is Here to Stay: What can Revenue & Pricing Teams do About it?,2020-12-15 00:00:00,https://rategaincom.wpenginepowered.com/wp-content/uploads/2020/12/Revenue-volatility-in-airlines-is-here-to-stay-1.jpg,5
These New Car Rental Subscription Programs Will Get You There,2020-12-15 00:00:00,https://rategaincom.wpenginepowered.com/wp-content/uploads/2020/12/These-New-Car-Rental-Subscription-Programs-Will-Get-You-There-2.jpg,5
"Pardon me, your politics are showing",2020-12-12 00:00:00,https://rategaincom.wpenginepowered.com/wp-content/uploads/2020/12/Pardon-me-your-politics-are-showing-1.jpg,4
"New Deal Europe Weekly Update on Tourism to the Balkan Region, Week 24",2020-12-12 00:00:00,https://rategaincom.wpenginepowered.com/wp-content/uploads/2020/12/New-Deal-Europe-Weekly-Update-on-Tourism-to-the-Balkan-Region-Week-24-1.jpg,4
See the Green Shoots of Recovery with Smart Distribution’s latest addition “Future Demand”,2020-10-21 00:00:00,https://rategaincom.wpenginepowered.com/wp-content/uploads/2020/10/full-demand-banner-blog-1.jpg,5
Seven Tactics to Keep your Hotel's Distribution Healthy and Highly Profitable,2020-10-07 00:00:00,https://rategaincom.wpenginepowered.com/wp-content/uploads/2020/10/Seven-Tactics-to-Keep-your-Hotels-Distribution-Healthy-and-Highly-Profitable-1.jpg,8
Bespoke Strategies for Opening the Doors to the European Market,2020-08-25 00:00:00,https://rategaincom.wpenginepowered.com/wp-content/uploads/2020/08/Bespoke-Strategies-for-Opening-the-Doors-to-the-European-Market.jpg,7
A New Era of Exploration is Coming to Hoteliers. Stay Tuned!,2020-08-20 00:00:00,https://rategaincom.wpenginepowered.com/wp-content/uploads/2020/08/A-New-Era-of-Exploration-is-Coming-to-Hoteliers.-Stay-Tuned.jpg,4
Perspectives with Saurabh Prakash: How Hotels Can Get Digital Right for Recovery,2020-08-14 00:00:00,https://rategaincom.wpenginepowered.com/wp-content/uploads/2020/08/millienium-1.jpg,4
Perspectives with Debojo: How Survival Became A Success Metric at SpiceJet,2020-07-22 00:00:00,https://rategaincom.wpenginepowered.com/wp-content/uploads/2020/07/Spice-Blog-Blog.jpg,6
Strategies for Hoteliers to Get Back to Business for UK Market,2020-07-20 00:00:00,https://rategaincom.wpenginepowered.com/wp-content/uploads/2020/07/UK-Blog-Banner-1.jpg,6
Strategies for Hoteliers to Get Back to Business for Europe Market,2020-07-20 00:00:00,https://rategaincom.wpenginepowered.com/wp-content/uploads/2020/07/Blog-Banner-EU-1.jpg,9
"Perspectives #8 with Ajay Bakaya, Managing Director, Sarovar Hotels and Resorts",2020-07-14 00:00:00,https://rategaincom.wpenginepowered.com/wp-content/uploads/2020/07/Perspectives-8-with-Ajay-Bakaya-Managing-Director-Sarovar-Hotels-and-Resorts.jpg,4
Re-Taking The Skies : What Can Commercial Teams Do To Gear Up For A Full Return Of Airline Travel In The New Normal,2020-06-30 00:00:00,https://rategaincom.wpenginepowered.com/wp-content/uploads/2020/06/Global-Aviation-Banner.jpg,3
React to Competitive Prices in Real Time with RateGain’s OPTIMA MarketDrone,2020-06-15 00:00:00,https://rategaincom.wpenginepowered.com/wp-content/uploads/2020/06/React-to-Competitive-Prices-in-Real-Time-with-RG.jpg,4
Watch Your Language! Content in the New Hospitality Landscape,2020-06-02 00:00:00,https://rategaincom.wpenginepowered.com/wp-content/uploads/2020/06/Hospitality-net-banner.jpg,4
Keeping Lights on During the Current COVID Crisis!,2020-05-05 00:00:00,https://rategaincom.wpenginepowered.com/wp-content/uploads/2020/05/Keeping-Lights-On-During-CoronaVirus-Crisis.jpg,4
"Hoteliers, Spot New Markets to Create New Revenues in a Post-COVID 19 World",2020-04-23 00:00:00,https://rategaincom.wpenginepowered.com/wp-content/uploads/2020/04/distribution-blog-1200x628-2-1.jpg,11
Social Media During COVID-19: Tourism Brands That Got It Right,2020-04-21 00:00:00,https://rategaincom.wpenginepowered.com/wp-content/uploads/2020/04/Social-Media-During-COVID-19-Tourism-Brands-That-Got-It-Right.jpg,8
We Are Bracing Ourselves: Are You?,2020-03-20 00:00:00,https://rategaincom.wpenginepowered.com/wp-content/uploads/2020/03/Covid-Blog.jpg,12
How to Capture Rate Integrity Issues in the Most Simplified Way,2020-03-11 00:00:00,https://rategaincom.wpenginepowered.com/wp-content/uploads/2020/02/How-to-Capture-Rate-Integrity-Issues-in-the-Most-Simplified-Way-copy-1024x536-1.jpg,10
Top 3 Rate Disparity Cases Acceptable to a Revenue Manager,2020-03-04 00:00:00,https://rategaincom.wpenginepowered.com/wp-content/uploads/2020/02/accpteable.jpg,13
Rate Integrity: A Brand New Way of Increasing Direct Bookings,2020-02-27 00:00:00,https://rategaincom.wpenginepowered.com/wp-content/uploads/2020/02/Rate-Integrity-A-Brand-New-Way-of-Increasing-Direct-Bookings-.jpg,8
Why Choose Rate Intelligence Over Rate Shopping?,2020-02-19 00:00:00,https://rategaincom.wpenginepowered.com/wp-content/uploads/2020/02/Why-Choose-Rate-Intelligence-Over-Rate-Shopping-1.jpg,11
Why a Rate Intelligence Experience Should Have the Best Art & Science Behind it,2020-02-05 00:00:00,https://rategaincom.wpenginepowered.com/wp-content/uploads/2020/02/Why-a-Rate-Intelligence-Experience-Should-Have-the-Best-Art-Science-Behind-it-v2-copy-1.jpg,11
Our Point of View on the Modern Age Distribution Ecosystem,2020-01-31 00:00:00,https://rategaincom.wpenginepowered.com/wp-content/uploads/2020/01/Distribution-blog-banner.jpg,6
Are You Leading A Future-Ready HR?,2020-01-29 00:00:00,https://rategaincom.wpenginepowered.com/wp-content/uploads/2020/01/HR-blog.jpg,7
5 Ways to Ace Hospitality Marketing in 2020,2020-01-20 00:00:00,https://rategaincom.wpenginepowered.com/wp-content/uploads/2020/01/5-Ways-to-Ace-Hospitality-Marketing-in-2020.jpg,5
Why UX is Instrumental for Revenue Management,2020-01-14 00:00:00,https://rategaincom.wpenginepowered.com/wp-content/uploads/2020/01/RateGain-Leveraging-UI-to-Create-Value_Blog.jpg,16
Visualizing Data Like a Pro: The Key to Unlock the Data Gold Mine,2019-12-17 00:00:00,https://rategaincom.wpenginepowered.com/wp-content/uploads/2019/12/Visualizing-Data-Like-a-Pro-The-Key-to-Unlock-the-Data-Gold-Mine.jpg,13
Smart Shopping for Data: Driving Analytics Excellence in the Airlines Industry,2019-12-04 00:00:00,https://rategaincom.wpenginepowered.com/wp-content/uploads/2019/12/Smart-Shopping-for-Data-Blog.jpg,5
"Mr. Hotelier, Four Signs It is Time to Change your Distribution Partner",2019-11-29 00:00:00,https://rategaincom.wpenginepowered.com/wp-content/uploads/2019/11/Four-Signs-It-is-Time-to-Change-your-Distribution-Partner-5.jpg,5
Adopting SCRUM in the Organization’s People Processes,2019-11-22 00:00:00,https://rategaincom.wpenginepowered.com/wp-content/uploads/2019/11/Navigating-Constant-Consolidation-banner.jpg,3
How to Deliver Value In The Era Of Hospitality Industry Consolidation?,2019-11-19 00:00:00,https://rategaincom.wpenginepowered.com/wp-content/uploads/2019/11/Navigating-Constant-Consolidation-banner.jpg,4
What will define Long Term Success for Airlines,2019-11-11 00:00:00,https://rategaincom.wpenginepowered.com/wp-content/uploads/2019/11/airline.jpg,8
Challenges for Airline Revenue Managers Beyond 2020,2019-10-23 00:00:00,https://rategaincom.wpenginepowered.com/wp-content/uploads/2019/10/Airline-Revenue-Manager-PR-2.jpg,9
Navigating Constant Consolidation,2019-10-21 00:00:00,https://rategaincom.wpenginepowered.com/wp-content/uploads/2019/10/Airline-Revenue-Manager-Blog.jpg,8
Our point of view on Distribution Journey,2019-10-17 00:00:00,https://rategaincom.wpenginepowered.com/wp-content/uploads/2019/10/Distribution-blog-banner.jpg,8
Putting User Experience at the center of a new problem,2019-10-15 00:00:00,https://rategaincom.wpenginepowered.com/wp-content/uploads/2019/10/ui-banner-1.jpg,10
The Last Distribution Challenge,2019-10-15 00:00:00,https://rategaincom.wpenginepowered.com/wp-content/uploads/2019/10/Re-Configuring-The-Distribution-Models-For-The-Next-Gen-Distribution-Ecosystem.jpg,2
Can Car Rental analytics help make better investment decisions?,2019-10-04 00:00:00,https://rategaincom.wpenginepowered.com/wp-content/uploads/2019/09/Can-Car-Rental-analytics-help-make-better-investment-decisions-2.jpg,8
Top 3 considerations for blueprinting your content transformation,2019-09-21 00:00:00,https://rategaincom.wpenginepowered.com/wp-content/uploads/2019/09/blog-post.jpg,7
The Path to A Shared Future: Can car rentals help in turning around the industry slowdown ?,2019-09-11 00:00:00,https://rategaincom.wpenginepowered.com/wp-content/uploads/2019/09/cargain.jpg,7
Delivering Duty of Care in the Age of Corporate Rogue Travel,2019-08-21 00:00:00,https://rategaincom.wpenginepowered.com/wp-content/uploads/2019/08/Delivering-Duty-of-Care-in-the-Age-of-Corporate-Rogue-Travel.jpg,5
Who is winning the experience game in travel and hospitality?,2019-07-22 00:00:00,https://rategaincom.wpenginepowered.com/wp-content/uploads/2019/07/Who-is-winning-the-experience-game-in-travel-and-hospitality-1.jpg,2
Airlines: Soaring on Ancillary Revenue,2019-07-18 00:00:00,https://rategaincom.wpenginepowered.com/wp-content/uploads/2019/07/Airlines-Soaring-on-Ancillary-Revenue.jpg,5
Transaction Tracking and Analytics: Steering Car Rental,2019-06-24 00:00:00,https://rategaincom.wpenginepowered.com/wp-content/uploads/2019/06/car.jpg,5
Enhancing Car Rental Revenue Management with AI-driven Dynamic Pricing,2019-06-24 00:00:00,https://rategaincom.wpenginepowered.com/wp-content/uploads/2019/06/car1.jpg,5
Busting a billion-dollar digital myth for cruise lines!,2019-02-08 00:00:00,https://rategaincom.wpenginepowered.com/wp-content/uploads/2019/04/Cruise-Image-1218x609.jpg,6
The future of distribution strategy at your doorstep,2018-09-24 00:00:00,https://rategaincom.wpenginepowered.com/wp-content/uploads/2019/04/Dss-Blog-1200x600.jpg,4
"‘A Thousand Words’: Why Great Visuals Speak Directly, Fluently and Effortlessly",2018-08-27 00:00:00,https://rategaincom.wpenginepowered.com/wp-content/uploads/2019/04/2-brandgain-1200x600.jpg,4
New Age Data is Driving Growth for Travel Package Providers,2018-08-24 00:00:00,https://rategaincom.wpenginepowered.com/wp-content/uploads/2019/04/1-packages-1200x600.jpg,3
Tackling content issues head-on,2018-07-16 00:00:00,,4
7 Top Trends In Hotel Distribution Today,2018-07-13 00:00:00,https://rategaincom.wpenginepowered.com/wp-content/uploads/2019/04/Distribution-900x450.jpg,3
HRS Selects RateGain as its Channel Management Partner for their newest connectivity platform,2018-05-04 00:00:00,https://rategaincom.wpenginepowered.com/wp-content/uploads/2019/04/Retagain_HRS-1-764x382.jpg,3
Code Itineraries: A road map for the travel industry to unlock one trillion dollars in value by 2025,2018-04-11 00:00:00,https://rategaincom.wpenginepowered.com/wp-content/uploads/2019/04/code_itinerary1-534x267.jpg,3
5 Ways to Improve Your Hotel's Visibility within Search Engines,2018-04-09 00:00:00,https://rategaincom.wpenginepowered.com/wp-content/uploads/2019/04/SEO_HOTEL-1-650x325.png,3
Hitting a home run in automation tools,2018-04-03 00:00:00,,3
Tapping the world’s no. 1 outbound travel market,2018-01-22 00:00:00,,3
It's 100% pure adrenaline! Introducing Distribution Strategy Studio,2018-01-11 00:00:00,https://rategaincom.wpenginepowered.com/wp-content/uploads/2019/04/madrid-TT-hres-2011_8-xlarge-1280x640.jpg,3
Your Hotel Reputation Matters to Your Revenue,2017-12-11 00:00:00,https://rategaincom.wpenginepowered.com/wp-content/uploads/2019/04/bigstock-Reputation-Management-147765833-2800x1400-scaled.jpg,4
"Hoteliers, Take a Re-look at Parity and Prevent Revenue Leakages",2017-11-23 00:00:00,https://rategaincom.wpenginepowered.com/wp-content/uploads/2019/04/revenu_leakage_banner_mail1-754x377.jpg,3
Assessing the boom in travel startups,2017-11-21 00:00:00,,4
Building the Perfect Revenue Strategy Is Not Enough; Advanced Hotel Revenue Management Tool is a Must!,2017-11-13 00:00:00,https://rategaincom.wpenginepowered.com/wp-content/uploads/2019/04/bigstock-Increase-Sales-Revenue-66983953-765x382-764x382.jpg,3
Travel Industry is Already Using Geo-based Competitive Price Tracking; Act Now Before Its Too Late,2017-11-03 00:00:00,https://rategaincom.wpenginepowered.com/wp-content/uploads/2019/04/Geo-pricing-764x382.png,4
We Bet You Will Not Want to Miss The Benefits of a Comprehensive Hotel Price Intelligence Solution!,2017-10-25 00:00:00,https://rategaincom.wpenginepowered.com/wp-content/uploads/2019/04/pricing-764x382.jpg,4
Sharing economy blurring the lines in hospitality,2017-10-23 00:00:00,,4
Tracking Mobile App Rates of Your Competition is a MUST for Your Price Strategy!,2017-10-11 00:00:00,https://rategaincom.wpenginepowered.com/wp-content/uploads/2019/04/bigstock-202739491-2800x1400-scaled.jpg,3
Will Artificial Intelligence Replace Human Intelligence in Revenue Management and Pricing Analysis?,2017-09-29 00:00:00,https://rategaincom.wpenginepowered.com/wp-content/uploads/2019/04/Artificial_Intelligence-764x382.jpg,3
It’s time to reexamine the data structure behind hotel distribution,2017-09-25 00:00:00,,2
7 Fundamental Hotel Marketing Strategies To Stand Out From Your Competition,2017-09-21 00:00:00,https://rategaincom.wpenginepowered.com/wp-content/uploads/2017/09/bigstock-Digital-Marketing-New-Startup-190890487-2800x1400-1.jpg,4
Design an Effective Hotel Guest Loyalty Program to Increase Hotel Bookings and Revenue,2017-09-18 00:00:00,https://rategaincom.wpenginepowered.com/wp-content/uploads/2019/04/bigstock-Loyalty-Program-145042721-2800x1400-scaled.jpg,4
Yield Management in Hospitality - Important for Efficient Revenue Management Strategy,2017-09-14 00:00:00,https://rategaincom.wpenginepowered.com/wp-content/uploads/2019/04/bigstock-192270436-2800x1400-scaled.jpg,3
What Makes Your Guests The Promoters of Your Brand?,2017-09-07 00:00:00,https://rategaincom.wpenginepowered.com/wp-content/uploads/2019/04/bigstock-193620838-3000x1500-scaled.jpg,3
Tapping the potential of IoT,2017-08-29 00:00:00,,3
The Role and Future of Technology in Travel Industry,2017-08-28 00:00:00,https://rategaincom.wpenginepowered.com/wp-content/uploads/2019/04/Social-media-travel-industry-300x207-1-1100x759-1-570x285.jpg,3
New Consumer Review Dashboard For Hotels,2017-08-21 00:00:00,https://rategaincom.wpenginepowered.com/wp-content/uploads/2019/04/BG_blog_banner2-764x382-764x382.jpg,3
Measuring Demand in Your City will Skyrocket your Revenue - Here is How!,2017-08-21 00:00:00,https://rategaincom.wpenginepowered.com/wp-content/uploads/2019/04/hotelier-demand-forecasting-762x381-1.jpg,3
7 Best Methods to Gather Quality Guest Feedback,2017-08-16 00:00:00,https://rategaincom.wpenginepowered.com/wp-content/uploads/2019/04/bigstock-Business-Man-Select-Happy-156570752-2800x1400-scaled.jpg,2
"The Brilliant Hotelier: Face To Face With Panayiotis Kyprianou From Thanos Resorts & Spas, Cyprus",2017-08-14 00:00:00,https://rategaincom.wpenginepowered.com/wp-content/uploads/2019/04/G8H6842-1-4896x2448-scaled.jpg,4
Monitoring Hundreds of Booking Sites - No Longer a Challenging Task for Hoteliers,2017-08-10 00:00:00,,3
"Hotels, Utilize Closed User Group (CUG) Customers to Increase Revenue Through Direct Bookings",2017-08-08 00:00:00,https://rategaincom.wpenginepowered.com/wp-content/uploads/2017/08/bigstock-Support-Help-Unity-Togethernes-118375838-2800x1400-1.jpg,4
Create a Revenue Centric Culture in your Hotel by Integrating Technology,2017-08-02 00:00:00,https://rategaincom.wpenginepowered.com/wp-content/uploads/2019/04/bigstock-Teamwork-And-Integration-Conce-66966004-2800x1400-scaled.jpg,4
"Despite the best efforts of hotel brands, travelers still love to click around",2017-08-01 00:00:00,,4
"Hoteliers, Are You Using Mobile to Support Your Online Reputation Management?",2017-07-31 00:00:00,https://rategaincom.wpenginepowered.com/wp-content/uploads/2019/04/bigstock-Reputation-Popular-Ranking-Hon-184164262-3596x1798-scaled.jpg,4
7 Practical tips to improve online reviews of your hotel,2017-07-25 00:00:00,https://rategaincom.wpenginepowered.com/wp-content/uploads/2019/04/bigstock-Online-Reviews-Evaluation-Time-185136694-2800x1400-scaled.jpg,4
14 Features to Consider Before Your Hotel Decides to Devote In a Channel Manager,2017-07-24 00:00:00,https://rategaincom.wpenginepowered.com/wp-content/uploads/2016/03/Channel-Management-Features-to-Choose-the-Right-Hotel-Channel-Manager.webp,4
Managing Hotel Guest Sentiment and Online Presence to Create Revenue Centric Culture,2017-07-19 00:00:00,https://rategaincom.wpenginepowered.com/wp-content/uploads/2019/04/bigstock-Business-Man-Select-Happy-156570752-2800x1400-scaled.jpg,4
"Hoteliers, You Need a Channel Manager with an Edge to Stand out from Competition",2017-07-18 00:00:00,https://rategaincom.wpenginepowered.com/wp-content/uploads/2019/04/Distribution-900x450.jpg,3
Blockchain and its potential to upend the travel industry,2017-07-17 00:00:00,,3
"Hoteliers, Learn How to Create A Revenue Centric Culture in Your Hotel",2017-07-10 00:00:00,https://rategaincom.wpenginepowered.com/wp-content/uploads/2019/04/bigstock-Increase-Sales-Revenue-66983953-765x382-764x382-1.jpg,4
"Hoteliers, Learn About The Growing Importance of Hotel Online Reputation Management",2017-07-04 00:00:00,https://rategaincom.wpenginepowered.com/wp-content/uploads/2019/04/bigstock-Reputation-Management-145495634-2800x1400-scaled.jpg,4
How to Make Restaurant’s Online Reputation a Secret Sauce in Enhancing your Hotel Brand?,2017-06-28 00:00:00,https://rategaincom.wpenginepowered.com/wp-content/uploads/2019/04/restaurant_online_repuptation2-870x435.jpg,4
Engaging Travelers Through Social Media Can Reap Umpteen Benefits for Hotels,2017-06-19 00:00:00,https://rategaincom.wpenginepowered.com/wp-content/uploads/2019/04/hotel-social-media-960x480.jpg,4
Approach For A Balanced Hotel Distribution Strategy - Learn Why Hotels Should Adopt It,2017-06-14 00:00:00,https://rategaincom.wpenginepowered.com/wp-content/uploads/2019/04/channelmanager-1094x547.png,2
9 Tips to Build a Hotel’s Facebook Strategy & Improve Guest Experience,2017-06-06 00:00:00,https://rategaincom.wpenginepowered.com/wp-content/uploads/2019/04/facebook_bannerImg-764x382.jpg,3
Top Trends: Millennial Travelers & the Hospitality Sector,2017-05-30 00:00:00,https://rategaincom.wpenginepowered.com/wp-content/uploads/2019/04/4FA1CA06CC244CDA241A54F378ACCCBFD4056C5D0D5865A59Fpimgpsh_fullsize_distr-764x382.jpg,3
Evolving Role Of Hotel Revenue Manager - Part 4,2017-05-26 00:00:00,https://rategaincom.wpenginepowered.com/wp-content/uploads/2019/04/blog_img-764x382.jpg,2
The Evolving Role of Revenue Managers - Part 3,2017-05-24 00:00:00,https://rategaincom.wpenginepowered.com/wp-content/uploads/2019/04/bigstock-Competitive-Edge-119382113-2800x1400-scaled.jpg,3
Good translation key to staying in global marketplace,2017-05-24 00:00:00,,3
The Evolving Role Of Hotel Revenue Managers – Part 2,2017-05-17 00:00:00,https://rategaincom.wpenginepowered.com/wp-content/uploads/2019/04/bigstock-165382157-2800x1400-scaled.jpg,3
How Your Hotel distribution & Online Reputation Strategy is key to RevPAR Management,2017-05-15 00:00:00,https://rategaincom.wpenginepowered.com/wp-content/uploads/2019/04/bigstock-184358374-3000x1500-scaled.jpg,3
The Evolving Role of Hotel Revenue Managers - Part 1,2017-05-10 00:00:00,https://rategaincom.wpenginepowered.com/wp-content/uploads/2019/04/bigstock-Finance-Report-Concept-Flat-S-124822064-3000x1500-scaled.jpg,3
5 Effective Ways Hotels Could Conduct Guest Surveys and Loyalty Programs,2017-05-02 00:00:00,https://rategaincom.wpenginepowered.com/wp-content/uploads/2019/04/bigstock-Business-Man-Select-Happy-156570752-2800x1400-scaled.jpg,3
"Hoteliers, Are Vacation Rentals Eating Your Lunch?",2017-04-26 00:00:00,https://rategaincom.wpenginepowered.com/wp-content/uploads/2017/04/vacation-rental_airbnb-1428x714-1024x512-1.jpg,3
Abbreviations are not a content strategy,2017-04-24 00:00:00,,3
The Future of Hotel Revenue Management – BOTs or Humans?,2017-04-18 00:00:00,https://rategaincom.wpenginepowered.com/wp-content/uploads/2019/04/artificial-intelligence-risk-reward-now-labs-2088x1044.jpg,3
"Hoteliers, Learn How to Overcome the Challenges in Online Reputation Management",2017-04-14 00:00:00,https://rategaincom.wpenginepowered.com/wp-content/uploads/2019/04/bigstock-Business-Or-Marketing-Concept-181728700-1-617x308.jpg,3
Managing Seasonal Market Changes to Ensure your Hotel Stays on Top - Part 4,2017-04-13 00:00:00,https://rategaincom.wpenginepowered.com/wp-content/uploads/2019/04/Seasonality-356x178.png,4
Managing Seasonal Market Changes to Ensure your Hotel Stays on Top - Part 3,2017-04-11 00:00:00,https://rategaincom.wpenginepowered.com/wp-content/uploads/2019/04/bigstock-Competitive-Advantage-Concept-118415714-2750x1375-scaled.jpg,3
Managing Seasonal Market Changes to Ensure your Hotel Stays on Top - Part 2,2017-04-07 00:00:00,https://rategaincom.wpenginepowered.com/wp-content/uploads/2019/04/bigstock-Businessman-Hand-Drawing-Sales-118618487-3800x1900-scaled.jpg,4
Solving the hospitality industry’s ‘content conundrum’,2017-04-03 00:00:00,,2
Managing Seasonal Market Changes to Ensure your Hotel Stays on Top - Part 1,2017-04-03 00:00:00,https://rategaincom.wpenginepowered.com/wp-content/uploads/2019/04/bigstock-153294449-3000x1500-scaled.jpg,3
"Hoteliers, Beat the Competition and Be The Market Leaders By Adopting Automation",2017-03-27 00:00:00,https://rategaincom.wpenginepowered.com/wp-content/uploads/2019/04/automation-764x382-764x382.jpg,2
How Can Hotels Use Google to Maximise their Online Presence?,2017-03-17 00:00:00,https://rategaincom.wpenginepowered.com/wp-content/uploads/2019/04/google_banner_img-764x382.jpg,2
Revenue Management & Marketing Automation can Help Independent Hotels Stay Ahead,2017-03-14 00:00:00,https://rategaincom.wpenginepowered.com/wp-content/uploads/2019/04/bigstock-Action-Plan-Action-Plan-Str-159437243-2800x1400-scaled.jpg,4
Big Data Challenge,2017-03-08 00:00:00,,4
"Hoteliers, Design Your Revenue Management Strategy in Pre-Opening Stage",2017-03-02 00:00:00,https://rategaincom.wpenginepowered.com/wp-content/uploads/2019/04/bigstock-133294829-2800x1400-scaled.jpg,4
"Hoteliers, Keep a Track of Events and Holidays To Increase your Revenue Many Folds",2017-02-20 00:00:00,https://rategaincom.wpenginepowered.com/wp-content/uploads/2019/04/bigstock-Calendar-Note-Schedule-Memo-Ma-148425554-2800x1400-scaled.jpg,3
3 Effective Hotel Pricing Strategy Can Boost Your Hotel Revenue,2017-02-13 00:00:00,https://rategaincom.wpenginepowered.com/wp-content/uploads/2019/04/bigstock-Pricing-Strategy-141013019-2800x1400-scaled.jpg,5
How to Manage Hotel's Online Reviews & Guest Experience,2017-02-02 00:00:00,https://rategaincom.wpenginepowered.com/wp-content/uploads/2019/04/hotel-reviews-760x380.jpg,3
Why Should Hotels Pay Special Attention to Demand Forecasting?,2017-01-25 00:00:00,https://rategaincom.wpenginepowered.com/wp-content/uploads/2019/04/hotelier-demand-forecasting-762x381.jpg,3
"The Brilliant Hotelier: Face to face with Deanna Jayasundera from Theme Resorts and Spas, Sri Lanka",2017-01-16 00:00:00,,3
RateGain’s Top 12 Blogs of 2016,2017-01-03 00:00:00,https://rategaincom.wpenginepowered.com/wp-content/uploads/2019/04/Final-White-3-800x400.png,4
Managing Real-Time Room Inventories Across Multiple OTAs,2016-12-27 00:00:00,https://rategaincom.wpenginepowered.com/wp-content/uploads/2019/04/otas-versus-branddotcom-1740x870.png,2
"The Brilliant Hotelier: Face 2 Face with Ria Roberto, the Director of Revenue Management at Kenz Hotel Management, UAE",2016-12-19 00:00:00,https://rategaincom.wpenginepowered.com/wp-content/uploads/2019/04/al-manzel-3-1024x763-1024x512.jpg,2
Be the Revenue Management Hero of your Hotel,2016-11-28 00:00:00,https://rategaincom.wpenginepowered.com/wp-content/uploads/2019/04/rev_hero_img-472x236.jpg,4
"Hotels, Let’s Go Direct!",2016-11-23 00:00:00,,4
Tips to Build Customer Loyalty for Your Restaurant,2016-11-21 00:00:00,https://rategaincom.wpenginepowered.com/wp-content/uploads/2019/04/restaurant-948x474.jpg,4
"Systems Reliability, A Necessity for Hotel Operations: Part 2",2016-11-18 00:00:00,https://rategaincom.wpenginepowered.com/wp-content/uploads/2019/04/bigstock-Summer-Vacation-And-Online-Boo-98043824-1-300x141-282x141.jpg,4
Is Your Hotel United by Goals but Divided by Systems?,2016-11-16 00:00:00,https://rategaincom.wpenginepowered.com/wp-content/uploads/2019/04/sdf-740x370.jpg,4
"The Brilliant Hotelier: Face 2 Face with I Nyoman Astama, General Manager of the Bali Niksoma Boutique Beach Resort",2016-11-15 00:00:00,https://rategaincom.wpenginepowered.com/wp-content/uploads/2019/04/bali-niksoma2-1024x544-1024x512.jpg,4
"Systems Reliability, A Necessity for Hotel Operations: Part 1",2016-11-11 00:00:00,https://rategaincom.wpenginepowered.com/wp-content/uploads/2019/04/Novotel_Muenchen_M_3050027c-460x230.jpg,3
Is your Hotel Website Ready for Google's Latest Mobile Updates,2016-11-08 00:00:00,https://rategaincom.wpenginepowered.com/wp-content/uploads/2019/04/Google-update-mobile-friendly-850x425.png,3
Optimize Your Hotel’s SEO and Mobile Strategy,2016-11-03 00:00:00,https://rategaincom.wpenginepowered.com/wp-content/uploads/2019/04/bigstock-130275857-900x450.jpg,4
"The Brilliant Hotelier: Face 2 Face with Stavros Drakou, Director at Cyprotels Hotels and Resorts, Cyprus",2016-11-02 00:00:00,https://rategaincom.wpenginepowered.com/wp-content/uploads/2019/04/cypro-900x450.png,1
What’s spookier than Halloween for Hoteliers?,2016-10-26 00:00:00,https://rategaincom.wpenginepowered.com/wp-content/uploads/2019/04/pumpkins-3-849x424.jpg,2
Tapping the phenomenal potential of the Asia Pacific region,2016-10-10 00:00:00,,2
"The Brilliant Hotelier: Face 2 Face with Trisna Widia, Marketing & E-Commerce Manager, Prime Plaza Hotels and Resorts, Indonesia",2016-10-06 00:00:00,https://rategaincom.wpenginepowered.com/wp-content/uploads/2019/04/PPHotels-768x1024-768x384.jpg,2
How to Increase Hotel Direct Bookings? Don’t Ignore the Role of a Booking Engine,2016-09-26 00:00:00,https://rategaincom.wpenginepowered.com/wp-content/uploads/2019/04/drive-direct-bookings-1024x512-1024x512.jpg,2
Weary of Disruption? 5 Simple Steps to Disrupt the Disruptions in the Rapidly Changing Hospitality Industry,2016-09-21 00:00:00,https://rategaincom.wpenginepowered.com/wp-content/uploads/2019/04/Disruption3-420x210.jpg,2
Disruption in the Hotel Industry and Changing Face of the Global Travel Market,2016-09-16 00:00:00,https://rategaincom.wpenginepowered.com/wp-content/uploads/2019/04/fdg-440x220.jpg,2
"The Brilliant Hotelier: Tête-à-Tête with Richard Lewis, the CEO of Landmark Hotels, Dubai",2016-09-15 00:00:00,https://rategaincom.wpenginepowered.com/wp-content/uploads/2019/04/df-1430x715.jpg,3
The fast-changing world of hospitality distribution,2016-09-12 00:00:00,,3
"Hotels, Are You Prepared for Digital Detox Travelers?",2016-09-06 00:00:00,https://rategaincom.wpenginepowered.com/wp-content/uploads/2019/04/No-wifi-image-568x284.jpg,4
"The Brilliant Hotelier: Face 2 Face with the Revenue Director at J5 Rimal Hotel Apartments, Dubai",2016-09-02 00:00:00,https://rategaincom.wpenginepowered.com/wp-content/uploads/2019/04/J5-Rimal-900x450.jpg,4
How Hotels of Tomorrow are Improving Guest Experience with Technology?,2016-09-01 00:00:00,https://rategaincom.wpenginepowered.com/wp-content/uploads/2019/04/fg-584x292.jpg,4
Sharing economy and alternative lodging offer great opportunities,2016-08-29 00:00:00,,4
How can Hotels Generate More Revenue from Customer Loyalty - Part II,2016-08-25 00:00:00,https://rategaincom.wpenginepowered.com/wp-content/uploads/2019/04/make-hotel-revenue-customer-loyalty-1430x715.jpg,3
How can Hotels Generate More Revenue from Customer Loyalty - Part I,2016-08-19 00:00:00,https://rategaincom.wpenginepowered.com/wp-content/uploads/2019/04/expert-1718x859.jpg,3
Travel agents: a re-emerging force in hospitality distribution,2016-08-15 00:00:00,,3
5 Things About Hotel Revenue Management Your Boss Wants to Know – Part II,2016-07-28 00:00:00,https://rategaincom.wpenginepowered.com/wp-content/uploads/2019/04/blog-900x450.jpg,2
Pikachu Conjures his Pokemon Friends for Increasing Hotel Revenues,2016-07-26 00:00:00,,3
The sensible economics of 'one to many',2016-07-26 00:00:00,,3
5 Things About Hotel Revenue Management Your Boss Wants to Know - Part I,2016-07-22 00:00:00,https://rategaincom.wpenginepowered.com/wp-content/uploads/2019/04/bigstock-Increase-Sales-Revenue-66983953-765x382-764x382-1.jpg,3
"Hotels, Improve your Online Distribution Strategy with Six Simple Tips",2016-07-12 00:00:00,https://rategaincom.wpenginepowered.com/wp-content/uploads/2019/04/channelmanager-1094x547.png,3
How to Ensure the Demand Generated is Translated into Increased Revenues?,2016-07-11 00:00:00,https://rategaincom.wpenginepowered.com/wp-content/uploads/2019/04/hotel-revenue-management-system-900x450.jpg,3
"Brexit: The Impact on Travel and Tourism Industry, Now and Later",2016-06-27 00:00:00,https://rategaincom.wpenginepowered.com/wp-content/uploads/2019/04/Brexit-900x450.jpg,3
Create a new chapter in the relationship between Your Hotel & Guests with Chat Tools,2016-06-21 00:00:00,https://rategaincom.wpenginepowered.com/wp-content/uploads/2019/04/guest-satisfaction-900x450.jpg,3
Effective Ways to Measure & Generate Demand – Part V,2016-06-19 00:00:00,,2
Effective Ways to Measure & Generate Demand – Part IV,2016-06-17 00:00:00,https://rategaincom.wpenginepowered.com/wp-content/uploads/2019/04/Online-Guest-Reviews-hotels-900x450.jpg,2
Effective Ways to Measure & Generate Demand - Part II,2016-06-15 00:00:00,https://rategaincom.wpenginepowered.com/wp-content/uploads/2019/04/hotel-demand-900x450.jpg,3
Effective Ways to Measure & Generate Demand – Part III,2016-06-15 00:00:00,https://rategaincom.wpenginepowered.com/wp-content/uploads/2019/04/Way-connection-or-Common-Pool-Inventory-963x481.png,4
Effective Ways to Measure and Generate Demand - Part I,2016-05-17 00:00:00,https://rategaincom.wpenginepowered.com/wp-content/uploads/2019/04/rate-intelligence-900x450.jpg,4
8 Top Tips to Choose the Right Hotel Channel Manager,2016-05-03 00:00:00,https://rategaincom.wpenginepowered.com/wp-content/uploads/2016/03/Channel-Management-Top-Tips-to-Choose-the-Right-Hotel-Channel-Manager.webp,4
Comparing and Contrasting Industry Problems with Revenue Optimisation,2016-04-27 00:00:00,https://rategaincom.wpenginepowered.com/wp-content/uploads/2019/04/Rev1-699x349.jpg,4
"Making Cents of RevGain: An Interview With the Revenue Manager at St. George Lycabettus Hotel, Greece",2016-04-20 00:00:00,,5
Tapping the potential of emerging markets,2016-04-19 00:00:00,,4
"Unity for Revenue Management: An Interview With the Revenue Analyst at The Manila Hotel, Philippines",2016-04-14 00:00:00,https://rategaincom.wpenginepowered.com/wp-content/uploads/2019/04/Louie-Reyes.jpg,5
How to Choose the Right Rate Optimisation Tool for Your Hotel?,2016-04-06 00:00:00,https://rategaincom.wpenginepowered.com/wp-content/uploads/2019/04/rate-900x450.jpg,5
New partnerships underscore benefits of DHISCO’s ‘direct-to-many’ solutions,2016-04-04 00:00:00,,3
Airbnb: An Alternate Lodging Threat to Hotels?,2016-03-21 00:00:00,https://rategaincom.wpenginepowered.com/wp-content/uploads/2019/04/london-e2-678x339.jpg,4
21 Points to Consider while Buying a Rate Shopping Tool for Your Hotel,2016-03-09 00:00:00,,4
Did You Know? It’s critical to Push Rates along with Occupancy,2016-02-19 00:00:00,https://rategaincom.wpenginepowered.com/wp-content/uploads/2019/04/shutterstock_828033041-300x150.jpg,4
Hotel Demand Forecasting: Top 3 Ways Hoteliers Can Leverage this Strategic Management Tool,2016-02-12 00:00:00,https://rategaincom.wpenginepowered.com/wp-content/uploads/2019/04/room-forecasting-1216x608.jpg,4
7 Quick Tips For Your Hotel Pre-Opening In 2017,2016-02-12 00:00:00,https://rategaincom.wpenginepowered.com/wp-content/uploads/2019/04/dfs-1024x683-1024x512.jpg,4
Zika virus outbreak:  Is tourism industry in Central and South America on risk?,2016-02-08 00:00:00,https://rategaincom.wpenginepowered.com/wp-content/uploads/2019/04/Zika-586x293.png,4
How to make 35% more revenue? Tap the power of Scientific Pricing,2016-01-27 00:00:00,,3
Want to Maximize Your Hotel Revenue? Get Your Room Forecast Accurate ASAP,2016-01-08 00:00:00,,3
9 Undeniable Advantages of Hotel Room Forecasting,2016-01-03 00:00:00,https://rategaincom.wpenginepowered.com/wp-content/uploads/2019/04/business-ohot-762x381.jpg,4
Golden Rules to Make the Most of Your Hotel’s Facebook Page,2015-12-15 00:00:00,https://rategaincom.wpenginepowered.com/wp-content/uploads/2019/04/hotel-social-media-960x480.jpg,3
DHISCO’s big data challenge,2015-12-10 00:00:00,,2
A Revenue Management mistake that you need to avoid today,2015-10-23 00:00:00,https://rategaincom.wpenginepowered.com/wp-content/uploads/2019/04/comp-sets-838x419.jpg,2
The UK RevPAR Growth Story: Promises and Challenges,2015-10-19 00:00:00,https://rategaincom.wpenginepowered.com/wp-content/uploads/2019/04/london-e2-678x339-1.jpg,2
August 2015: Parity Performance. Where Does Your City Stand? – Latin America,2015-09-28 00:00:00,,2
Introducing BrandGain Restaurant Module,2015-09-18 00:00:00,,2
"Q&A with new DHISCO CEO Toni Portmann, on taking Pegasus beyond the hotel switch",2015-09-16 00:00:00,,2
Revenue optimisation love story: Grandhotel Zvon  achieves 34% growth in revenue with scientific pricing,2015-09-16 00:00:00,,2
Scientific pricing is no longer the Lamborghini you can never have.,2015-09-14 00:00:00,,3
"As other hotel distribution fees rise, DHISCO represents less than 1% of booking costs",2015-08-05 00:00:00,,2
UNT Big Data Challenge,2015-07-21 00:00:00,,3
How to improve your hotel's online reputation using a 100 year old mathematics principle,2015-07-16 00:00:00,https://rategaincom.wpenginepowered.com/wp-content/uploads/2019/04/pareto-e-700x350.jpg,4
Total Pricing,2015-07-13 00:00:00,,2
Update from HEDNA Barcelona: Forecast is sunny,2015-06-12 00:00:00,,2
RevPar Growth in Europe: The top three cities,2015-06-04 00:00:00,https://rategaincom.wpenginepowered.com/wp-content/uploads/2019/04/europe-revpar-growth_rategain-700x350.png,2
The news for the hotel industry just keeps getting better,2015-05-19 00:00:00,,2
Three important elements your Revenue Management system is missing,2015-04-29 00:00:00,https://rategaincom.wpenginepowered.com/wp-content/uploads/2015/04/11-elements-blog.jpg,3
5 ways to Maximize Hotel Revenues in the Era of Mobile Bookings,2015-04-21 00:00:00,,4
Will airbnb disrupt the hotel business or just play on the sidelines?,2015-04-14 00:00:00,,4
3 Questions RateGain will Answer for you at WTM Latin America,2015-03-23 00:00:00,,4
5 Key Highlights of Super Successful RateGain’s Hotel Revenue Summit 2015 Jakarta,2015-03-19 00:00:00,,3
Reviews and Ratings: A simple way to use them to support your transient pricing strategy,2015-03-10 00:00:00,,3
ITB Berlin: 5 Steps to Making Your Visit a Success,2015-02-25 00:00:00,,3
Accor Hotels Partners with RateGain for its Rate Shopping Solution Integration,2015-02-23 00:00:00,,2
RateGain Bags Top Honour at The 2nd Inc. India Innovative100 Conference and Awards Gala,2015-02-19 00:00:00,,2
3 Reasons to visit RateGain at ITB Berlin,2015-02-12 00:00:00,,1
Top 3 Tips to Price Your Hotel Rooms Right in 2015,2015-02-12 00:00:00,,2
Europe's Outlook for 2015: What it means for your Hotel,2015-02-09 00:00:00,,5
"RateGain Announces Merril Yu and Sunish Sadasivan as Hotel Revenue Summit, Manila Keynote Speakers",2015-02-06 00:00:00,,5
"Join RateGain at Hotel Revenue Summit, Manila on February 12th, 2015",2015-02-04 00:00:00,,5
